name,family,model,auroc,accuracy,precision,recall,f1,threshold
cls_swin_tiny,classifier,swin_tiny,0.9589143253555323,0.9205955334987593,0.9426751592356688,0.9548387096774194,0.9487179487179487,0.6
cls_convnext_tiny,classifier,convnext_tiny,0.9525494276795006,0.8858560794044665,0.9680851063829787,0.8806451612903226,0.9222972972972973,0.85
cls_resnext50,classifier,resnext50,0.9348421782865071,0.9106699751861043,0.9363057324840764,0.9483870967741935,0.9423076923076923,0.4
cls_efficientnetv2_s,classifier,efficientnetv2_s,0.9250780437044749,0.9081885856079405,0.9475409836065574,0.932258064516129,0.9398373983739837,0.5
night_ltae_attunet9,segmentation_any_pixel,attention_unet,0.8937218175511619,0.794044665012407,0.7979002624671916,0.9806451612903225,0.8798842257597684,0.15
night_mtl_attunet9,segmentation_any_pixel,attention_unet,0.8525320846340622,0.7915632754342432,0.7927461139896373,0.9870967741935484,0.8793103448275862,0.15
night_bal_attunet9,segmentation_any_pixel,attention_unet,0.8169961845300039,0.8138957816377171,0.8201634877384196,0.9709677419354839,0.8892171344165436,0.15
night_tstack_attunet9,segmentation_any_pixel,attention_unet,0.7924384321886923,0.7990074441687345,0.7974025974025974,0.9903225806451613,0.883453237410072,0.15
night_base_attunet9,segmentation_any_pixel,attention_unet,0.787374262920569,0.8089330024813896,0.8073878627968337,0.9870967741935484,0.888243831640058,0.15
